{
  "threshold": 3.6900954767759995,
  "training_mean": 3.6900954767759995,
  "training_std": 1.545364059868258
}